id,title
154106,"100 Doors Games : School escape"
153958,"3 Ball Billiards"
154763,"360 Ninja"
154062,"???? Ludo Game - Dice Board Games for Free ????"
13424,"Adventure Time - Marceline Ice Blast"
13425,"Adventure Time - Playing Along with Me "
153905,"Air Strike: WW2 Fighters Sky Combat Attack"
153810,"Alchemic Maze"
13480,"Angelo Football"
13478,"Angelo Labyrinth"
13477,"Angelo Skate Away"
13482,"Angelo Super Run"
153812,"Ant Raid"
13545,"Anti Terrorist Rush 2"
13426,"Apple and Onion: Floor is Lava"
13427,"Apple and Onion: Messing Around"
153852,"Arcade Mayhem Shooter"
13438,"Archery Clash"
13388,"Archery Master 3D"
154181,ARROG
13377,"Asphalt 6: Adrenaline Mobile Premium"
13371,"Asphalt Nitro"
13439,"ASTA Samurai"
13412,Asteroids
154079,Backgammon
13486,"Bacon May Die"
13463,Badland
153960,"Basket Ball 3D"
17,BasketBall
13440,"Basketball Tournament"
13441,"Bear Adventures"
13428,"Ben 10 Bug Attack"
13429,"Ben 10 Match Up"
13430,"Ben 10 Mechanoid Menace"
13431,"Ben 10 Penalty Power"
13432,"Ben 10 Stinkflys Showtime"
13433,"Ben 10 World Rescue"
153907,"BEST SNIPER 1 : DESERT HUNTER 3D"
153908,"BEST SNIPER 2 : FPS URBAN KILLER"
153909,"BEST SNIPER 3 : ASSASSIN IN THE WILDERNESS"
153910,"BEST SNIPER 4 : DUNGEON AVENGER"
153911,"BEST SNIPER 5 : BASE SHOOTING"
13568,"Big hero 6: Bot Fight"
13566,"Bike Pizza Delivery"
154878,"Bike Racing"
153876,"Bike up "
6,"Bingo Mania"
13399,"Birds hunting"
154421,"Black dragon"
13491,"Blocky Demolition Derby"
13569,Bola
154122,BONVOYAGE
13400,"Bowling World Tournament"
153837,"Boxing Physics 2"
105,"Boxing Stars"
153853,"Brain Flicker"
153963,"Brain For Monster Truck"
153964,"Brain It On The Truck"
13413,Breakout
13499,"Bridge Constructor - The Walking Dead"
153912,"Bridge Constructor Medieval"
154167,"Bubble Clash"
154159,"Bubble Clash 2"
4,"Bubble Puzzle"
154764,"Bubble witch Rescue"
13583,"Bucket Crusher"
153814,"Bug-O-Lympics "
13442,"Bullet Bender"
154059,"Bunny Adventure"
13546,"Burst to Power"
13535,"Call of Sniper"
154166,"Candy Popper 2"
153855,"Car parking valet"
13396,"Car Transform Racing"
13570,"Cars - Lightning League "
13380,"Cars Mobile Premium"
13571,"Castle Illusion - Mickey Mouse"
153847,"Cat Simulator: Kitty Craft"
154050,"Catch the Candy"
153838,"CATS: Crash Arena Turbo Stars"
13414,Centipede
154080,Checkers
154081,Chess
107,"Chess Mania"
153967,"Chicken Jump"
13572,"Cinderella Free Fall"
13526,Circles
153856,"City car driving"
153858,"City car parking"
153965,"Clash Tank"
154160,"COLOR JUMP"
13443,"Color Path"
153871,"Color Pin"
13522,"Commander Strike"
154879,Commando
153877,"Conduct THIS!"
154437,"Connect the Jelly"
153860,Connection
13401,"Crazy Goal"
154765,"Crossy Farm"
19,"Cube Lab"
1,"Cube Puzzle"
13544,"Cubie Adventure World"
153861,"Cubie Jump"
153817,Cubway
154051,"Cultist Simulator"
153842,"Cut The Rope"
153843,"Cut The Rope 2"
153845,"CUT THE ROPE : TIME TRAVEL"
153848,"Cut The Rope: Experiments"
141753,"Cut the Rope: Magic"
13536,"Dangerous Mummy"
153983,"Dash Masters"
153818,"Dead Shell: Roguelike RPG"
13386,"Defendchick: Tower defense"
153829,"Defense Zone"
153830,"Defense zone 2 "
154107,"Define - Find the differences"
13374,"Disney Princess Majestic Quest Mobile Premium"
154894,"Do not Fall"
153872,"DOOR KICKERS"
13485,"Downhill Smash"
153885,"Drag Racing Rivals"
154425,"Dragon Rivals"
153938,"Dream Run"
13559,"Drifting Legend"
13547,"Dustoff Heli Rescue "
13543,"Electric Trains"
146752,"Elite Shooter"
13473,ELOH
13548,Eqqo
154170,"Escape Machine City"
153994,"EVIL RIDER"
153974,"EVOLAND 2"
153966,"Eyes - The Horror Game"
13518,"Faily Breaks"
13525,"Faily Rider "
154169,"FARAWAY : PUZZLE ESCAPE"
13483,"Fatal Fury Special"
152265,"Fern Flower"
154438,"Fight Air Commander - Sky shooter"
13527,"Filled Glass 3"
153949,"Fin & Ancient Mystery: Run, jump, run adventure"
154418,"Final Kick Football Legends"
13539,Flockers
154188,"FOOTBALL BATTLE"
153867,"Football Cup 2020"
13552,"Football Cup 2022"
106,"Football Superstars"
154108,"Forgotten Tales: Day of the Dead "
153970,"Forsake The Rake"
154082,"Four in a Line"
153887,"Foxy Land"
153878,"Frisbee Forever 2"
13528,Froggee
152549,"Fruit Match 3: Crazy Mania  "
154768,"Fruit Match Blast"
100,"Galaxy Warriors"
154175,"Garena Free Fire"
13479,"Garfield Kart"
154413,"Garou - Mark of the wolfs"
15,"Gems 'N' Break"
153971,"Gladiator Rising"
153984,"God of Light"
13472,"Golf Peaks"
13454,"Gravity rider"
13381,"GT Racing 2 Mobile Premium"
13417,"Gumball Block Party"
13418,"Gumball Darwins Yearbook"
13419,"Gumball Snow Stoppers"
13420,"Gumball Stellar Odyssesy"
13421,"Gumball Strike Ultimate Bowling"
13422,"Gumball Trophy Challenge"
13553,Gumslinger
13453,"Guns Royale"
153832,"Heli Hell 2017"
154439,"Helix Stack Ball"
154428,"Hero Rescue Puzzle"
154429,"Hero Rescue Puzzle 2 "
154294,"Heroes of Flatlandia - Turn based strategy"
154770,"Hexa Puzzle"
154055,"Hidden Objects: Thief's Mystery"
153913,"High Speed Race: Racing Need"
13455,"Highway Getaway"
154883,"Hit master 3D"
13389,"Hitman Go"
13390,"Hitman Sniper"
13497,"Hitman Sniper"
153870,"Hitwicket Superstars"
153879,"HORROR NIGHTS STORY "
13464,"Hugo super skater"
13379,"Ice Age: Scrat-Ventures Mobile Premium"
153822,"Ice Rage"
153920,"Idle Racing GO"
154053,"Impossible dash"
153997,"Infinity Loop"
13391,"Jetpack Joyride"
13495,Jetz
153890,"Jewel Block Puzzle 2"
153928,"Jumpy Witch"
153881,"Kickerinho World"
154382,"King of Fighters 97"
153862,"Knife Shot"
101,"Knife Smash"
30,"Knife Smash 2"
13392,"Lara Croft Go"
13393,"Lara Croft Relic Run"
153973,"Let's Kill Jeff The Killer CH4 - Jeff's Revenge"
13532,"Linn: Path of orchards"
153975,"Lion Kingdom"
5,Lucky7
153854,"LUDO ROYAL"
154436,"Ludo Wizard"
152206,LYNE
13437,"Magic Tiles 3"
153976,"Mahjong Magic Islands"
102,"Mahjong Quest"
13394,"Major Mayhem 2"
153823,"Marble Duel"
153998,"MARBLE RUN"
13493,"Master Race"
154111,"Match 3x3 - Simple but Challenging"
13529,"Maze Control"
153977,"Mechanic Escape"
13524,"Mega Man"
13397,"Metal Black OPS"
154375,"Metal slug"
154376,"Metal Slug 2"
154377,"Metal Slug 3"
154378,"Metal Slug X"
13530,"Micro Golf Ball 2"
13585,Minecraft
153866,"Mini Golf Mania 2"
103,"Mini Golf Master"
144446,"Mini Metro"
13445,"Mini Soccer International Cup"
13496,"Minigolf World"
13415,"Missile Command"
153884,"Mission IGI"
153999,"Mobile Sudoku"
13376,"Modern Combat 4 Mobile Premium"
13372,"Modern Combat Rebel Guns"
153882,"Monster Killer"
13549,"Monster Truck Unleashed"
13574,"Monsters University"
13538,"Mountain Bicycle Xtreme"
154083,"Move it"
13565,"Mr Potato Head : School Rush"
13550,"Mr Racer"
13446,"Mr Wick One Bullet"
141710,"My Puzzles with Garfield"
13382,"N.O.V.A. 3 Mobile Premium"
13378,"N.O.V.A. Legacy Mobile Premium"
128714,"Need for Racing: Asphalt Speed Car"
13521,"Nitro Rally "
147088,"OK Golf"
153992,"OM NOM : RUN"
21,"Om Nom Sugar Rush"
13435,"Om Nom: Run Brazilian Carnival"
13466,"Paint The Frog"
153985,"Paint the frog"
154949,"Paintball shooting killer"
13447,"Parkour Mania"
153930,"Pebble Universe"
13470,Persephone
154000,"PIXEL BLOCK CUBE CRAFT BUILDER"
154001,"PIXEL BLOCK SURVIVAL CRAFT"
153864,"Pizza ninja 4"
104,"Pizza Ninja Mania"
153895,"Pizza Ninja Story"
153940,"Plumber Reloaded"
154164,"Plus Fifteen"
153931,"Poing Poing"
14,"Poker Blitz"
154183,"Poly Match"
13416,Pong
153865,"Pool Break Pro 3D Billiards Snooker Carrom"
153904,"Pool Clash - 8 Ball Billiards"
153868,"Pool Pro 2020"
16,"Pool Unleashed"
13563,"Power Rangers: Beast Morphers"
154054,"POWER UP"
153932,"Princess Run"
18,"Pro Cricket Champion"
153961,"Puddle +"
153933,Pukk
153951,"Pushy Boxes"
13498,"Puzzle Planets"
153886,Quadris
13523,"Rabbids Vulcano Panic"
13554,"Rabbids Wild Race"
13402,"Racing Circuit Fever"
153922,"Racing Classics Pro - Drag Race & Real Speed"
153906,"Racing Xtreme: Fast Rally Driver 3D"
153936,Rainmaker
153979,"Rakoo's Adventure"
13567,"Rally Cross Track Racing"
153995,"Rampage Rally"
153863,"Rayman Jungle Run"
2,"REACH gold"
153950,"Real Car Parking Multiplayer"
128715,"Real car speed : Need for Racer"
13373,"Real Football 22"
153891,"REAL RETRO GAMES 2"
153892,"Retro winter sports"
154084,Reversi
13467,"Ride With The Frog"
13557,"Road Racing: Highway Car Chase"
141708,"Road To Be King"
13551,"Rock vs Guitar Legends"
154004,"Roll That Ball"
153959,"Ronaldo: Kick'n'Run"
153875,"Rube's Lab"
152989,"Run & Gun: BANDITOS - ARM"
13515,"Run and Gun : BANDITOS"
153941,"Run Away Toad"
13461,"Runic Rampage"
13448,"Rush Hour"
8,Same
154419,"Samurai Shodown 2"
154056,"Santas Xmas Adventure"
153942,"School of driving"
154005,"Shoot your nightmare - halloween special"
154424,"Shortcut Run"
154417,"Shred 'n' Slam"
154182,"Ski Jump Challenge"
154892,"Ski Mania"
154006,SLAUGHTER
154007,"Slender clown - be afraid of it "
154008,"Slenderman History: WWII Zombies"
154009,"Slenderman Must Die Abandoned Graveyard"
154010,"Slenderman Must Die Industrial Waste"
154011,"Slenderman VS Freddy The Fazbear"
154896,Smash.io
153954,"Snake Game"
154433,"Snakes & ladders"
13383,"Sniper Fury Mobile Premium"
13562,"Snowboard Racing Ultimate"
7,"Solitaire Royal"
13375,"Sonic Runners Adventure Mobile Premium"
154086,Spades
13449,"Special Squad VS Zombies"
154112,"Spectre Mind: The Rings"
154113,"SPIRIT ROOTS"
13385,"Squad vs Zombies"
154013,SRCH!
154884,"Stack ball"
154014,Stereotype
13444,"Stickman Archer"
13564,"Stickman Archer Spear Warrior"
13534,"Stickman Warriors"
153914,"Strike Team Hydra"
13395,"Stupid Zombies"
155088,"Subway Surfer - Barcelona"
13387,"Subway Surfer - Cairo"
13514,"Subway Surfer - Unlocked"
embed-subwaysurfer,"Subway Surfer HTML"
13403,"Subway Surfers - Chicago"
152144,"Subway Surfers Barcelona (Test)"
155063,"Subway Surfers Christmas London"
13409,"Subway Surfers Havana"
13405,"Subway Surfers Marrakesh"
13406,"Subway Surfers Original"
13404,"Subway Surfers Paris"
154085,Sudoku
3,Sudoku
12,"Sudoku Blitz"
13450,Sumo.io
153896,"Super Archer"
153955,"SUPER BUNNY LASER SPIKES"
13451,"Super Zombie Drive"
153943,"Sushi Factory"
153899,"Sweet Bubble Story"
11,"Sweet Rush"
154163,"Table Top Racing"
13481,"Tap The Frog Doodle"
13458,Tempest
153981,Teslagrad
154032,"The Almost Gone"
153944,"The Bonfire"
13575,"The Good Dinosaur - Dino Crossing "
154440,"The Great Unknown: Houdini’s Castle"
13576,"The Lion Guard"
153826,"The Tiny Bang Story"
153916,"Thumb Drift"
13436,"Tiles Hop"
20,"Timber Beaver"
13460,"Tiny Gladiators"
13582,"Tom Clancy’s Shootout"
153917,"Toon Clash Chess"
153924,"Top Bike: Racing & Moto Drag"
153923,"Top Boat: Racing Simulator 3D"
13555,"Top Rider: Bike Race&Real Traffic"
154420,Tops.io
145350,"Tower Builder"
153945,"TOWER CRUSH "
13516,"Toy Rider"
13577,"Toy Story Smash IT"
13556,"Traffic Xtreme:Car Speed Race"
128705,"Traffic: Illegal & Fast Highway Racing 5"
13558,"Traffic: Illegal&Fast Highway Racing"
154115,Traffix
154533,"Trivia crack"
154016,Trucksform
154920,"True Skate"
153903,"Tubby Birds 2"
154116,Twelvesmith
13561,"Ultimate Moto RR 4"
13475,"Ultimate Motocross 4"
153956,"Ultimate Quiz for CS-GO"
154057,"Unblock Now"
154422,"Unbroken Soul"
13488,"Unwanted Gray"
153980,UnWorded
13469,Vandals
154415,"Vertigo racing"
13462,Vikings
154017,"Vintage Tripeaks"
153946,"Volleyball Challenge 2021"
154018,"Wendigo: The Evil That Devours"
13578,"Wheres My Mickey"
154052,"White Night"
154861,"Word Show"
153947,"Word Woid"
153957,"World of Wizards"
13540,"Worms 2"
13541,"Worms 3"
13542,"Worms 4"
13580,"Wreck-it Ralph"
13,"Yatzy Reroll"
153827,Yumsters
153926,"Zombie Call: Trigger 3D"
153834,"Zombie Derby"
153835,"Zombie derby 2"
153901,"Zombie Hill Racing - Earn To Climb: Apocalypse"
108,"Zombie Killer"
13533,"Zombie Monster Racing"
13520,"Zombie Slicer"
